fid,username,reply_count,has_claimed,max_claimed_amount,earliest_claim_time,total_received_all_wallets,total_sent_all_wallets,total_purchased,total_sold,total_estimated_balance,total_transactions,num_addresses,earliest_interaction,latest_interaction,user_category,behavior_pattern
3642,toadyhawk.eth,35,1,26723677,2025-11-27 21:12:17.000 UTC,5303129727.345912,0,5026081351.120586,0,5303129727.345912,10,4,2025-11-27 21:12:17.000 UTC,2025-11-28 02:37:41.000 UTC,claimed_and_bought_more,net_accumulator
236443,kosiris,5,1,13361839,2025-11-27 23:10:34.000 UTC,2581921780.5592685,0,2515112585.5592685,0,2581921780.5592685,25,3,2025-11-27 23:10:34.000 UTC,2025-11-29 21:19:27.000 UTC,claimed_and_bought_more,net_accumulator
1073771,patternintegrity,22,1,13361839,2025-11-27 21:31:39.000 UTC,4382029443.18744,2244695380.84,4010519885.513829,2244695380.84,2137334062.3474398,28,2,2025-11-27 18:43:10.000 UTC,2025-11-30 02:37:02.000 UTC,claimed_and_bought_more,net_accumulator
617,cameron,36,1,26723677,2025-11-27 21:29:19.000 UTC,2057203770.9506247,0,941140724.2153423,0,2057203770.9506247,13,3,2025-11-26 20:00:15.000 UTC,2025-11-30 01:47:46.000 UTC,claimed_and_bought_more,net_accumulator
423406,ruburi,41,1,26723677,2025-11-27 21:25:32.000 UTC,1618165649.7154257,0,245488778.07541558,0,1618165649.7154257,8,3,2025-11-27 11:14:07.000 UTC,2025-11-30 01:45:45.000 UTC,claimed_and_bought_more,net_accumulator
203751,thosmur,90,1,66809193,2025-11-27 21:29:31.000 UTC,2195222818.521387,933618386,921857514.1324228,933618386,1261604432.521387,10,4,2025-11-27 21:29:31.000 UTC,2025-11-28 18:05:57.000 UTC,claimed_and_bought_more,net_accumulator
2802,garrett,193,1,133618386,2025-11-27 21:14:32.000 UTC,1187730913.2771668,0,920494141.277167,0,1187730913.2771668,22,5,2025-11-27 21:14:32.000 UTC,2025-11-30 01:18:19.000 UTC,claimed_and_bought_more,net_accumulator
8637,shaya,24,1,13361839,2025-11-27 22:01:11.000 UTC,1040594353.8067656,0,676139247.444891,0,1040594353.8067656,8,3,2025-11-27 18:00:04.000 UTC,2025-11-30 00:24:25.000 UTC,claimed_and_bought_more,net_accumulator
9933,m00npapi.eth,143,1,133618386,2025-11-27 21:10:40.000 UTC,5300236829.10218,4580537286,429035555.8444869,4580537286,719699543.1021796,45,4,2025-11-26 19:53:16.000 UTC,2025-11-29 23:02:57.000 UTC,claimed_and_bought_more,net_accumulator
419404,rien,4,1,13361839,2025-11-27 22:36:38.000 UTC,618797767.7080638,13361839,372669007.76353747,13361839,605435928.7080638,8,3,2025-11-27 20:18:09.000 UTC,2025-11-29 18:03:08.000 UTC,claimed_and_bought_more,net_accumulator
297066,supertaster.eth,14,1,13361839,2025-11-27 21:48:22.000 UTC,586050549.0018346,0,174003689.89015254,0,586050549.0018346,20,3,2025-11-26 21:10:26.000 UTC,2025-11-29 19:14:55.000 UTC,claimed_and_bought_more,net_accumulator
466111,svvvg3.eth,12,1,13361839,2025-11-27 20:01:23.000 UTC,501476300.1762545,0,105565821.65004484,0,501476300.1762545,14,5,2025-11-27 20:01:23.000 UTC,2025-11-29 18:15:05.000 UTC,claimed_and_bought_more,net_accumulator
18570,qt,83,1,66809193,2025-11-27 20:20:14.000 UTC,482174692.30482686,0,173925189.9744949,0,482174692.30482686,3,5,2025-11-27 20:20:14.000 UTC,2025-11-30 00:39:04.000 UTC,claimed_and_bought_more,net_accumulator
473065,wetsocks.eth,116,1,133618386,2025-11-27 19:50:13.000 UTC,534473544,133618386,400855158,133618386,400855158,9,3,2025-11-27 19:50:13.000 UTC,2025-11-28 16:02:35.000 UTC,claimed_and_bought_more,net_accumulator
223277,deefs,17,1,13361839,2025-11-27 19:57:08.000 UTC,3586330197.763002,3193115137.6307592,1803976842.8312626,2286294320.677148,393215060.1322427,35,3,2025-11-26 22:03:45.000 UTC,2025-11-30 06:02:39.000 UTC,claimed_and_bought_more,net_accumulator
16098,jpfraneto.eth,63,1,66809193,2025-11-27 23:45:54.000 UTC,164125512.9256392,0,97316319.92563923,0,164125512.9256392,3,5,2025-11-27 23:45:54.000 UTC,2025-11-30 01:10:24.000 UTC,claimed_and_bought_more,net_accumulator
375536,jdotfinn,25,1,13361839,2025-11-27 19:57:13.000 UTC,2032869825.7533326,1897182596.9876623,604312772.344937,1397934841.42,135687228.7656703,38,3,2025-11-27 18:11:35.000 UTC,2025-11-30 02:45:05.000 UTC,claimed_and_bought_more,net_accumulator
13801,jaibo,16,1,13361839,2025-11-27 23:23:07.000 UTC,44781967.266476035,0,18058289.26647604,0,44781967.266476035,4,4,2025-11-27 23:23:07.000 UTC,2025-11-28 10:38:09.000 UTC,claimed_and_bought_more,net_accumulator
297256,gora,9,1,13361839,2025-11-27 21:31:35.000 UTC,20736077.744408056,0,7374238.744408054,0,20736077.744408056,2,3,2025-11-27 21:31:35.000 UTC,2025-11-28 15:05:31.000 UTC,claimed_and_bought_more,net_accumulator
467181,iamrav3n,46,1,26723677,2025-11-27 20:41:46.000 UTC,56821159.32433199,44364231.879999995,3207667.6122452207,44364231.879999995,12456927.444331996,16,4,2025-11-27 20:41:21.000 UTC,2025-11-28 19:11:36.000 UTC,claimed_and_bought_more,partial_seller
1105500,rasheedisa7,16,1,13361839,2025-11-27 21:25:03.000 UTC,90320063.9126482,87300185.2,3614955.5580313574,87300185.2,3019878.712648198,11,2,2025-11-27 21:25:03.000 UTC,2025-11-29 17:45:42.000 UTC,claimed_and_bought_more,partial_seller
395131,cristianisbased.eth,109,1,133618386,2025-11-27 19:49:01.000 UTC,7155560781.677987,7155560781.677986,4453810322.170089,7155560781.677986,9.5367431640625e-7,110,2,2025-11-27 19:49:01.000 UTC,2025-11-28 09:30:19.000 UTC,claimed_and_bought_more,mostly_sold
312016,mikos32.eth,98,1,66809193,2025-11-27 20:24:56.000 UTC,241783548.66054398,249651971.42,108165162.66054395,249651971.42,-7868422.759456009,24,3,2025-11-27 20:24:56.000 UTC,2025-11-30 01:06:34.000 UTC,claimed_and_bought_more,mostly_sold
527771,eljuniordiaz.eth,25,1,13361839,2025-11-27 19:52:27.000 UTC,254608890.705546,264121924.8,36173550.44884745,162121924.8,-9513034.09445402,44,7,2025-11-26 21:23:31.000 UTC,2025-11-30 03:49:23.000 UTC,claimed_and_bought_more,mostly_sold
3115,ghostlinkz.eth,2,1,13361839,2025-11-27 22:00:03.000 UTC,30664288.6301065,44026127.6301065,17302449.6301065,44026127.6301065,-13361839,5,2,2025-11-27 22:00:03.000 UTC,2025-11-30 02:50:04.000 UTC,claimed_and_bought_more,mostly_sold
13201,herbaycity,58,1,66809193,2025-11-27 19:49:09.000 UTC,2184387897.0589676,2405022921.0589676,891800843.7847291,2405022921.0589676,-220635024,128,4,2025-11-27 18:42:29.000 UTC,2025-11-30 04:31:15.000 UTC,claimed_and_bought_more,mostly_sold
864405,bertwurst.eth,88,1,66809193,2025-11-27 20:30:00.000 UTC,2741458390.7585645,0,0,0,2741458390.7585645,13,3,2025-11-26 19:57:57.000 UTC,2025-11-27 20:30:00.000 UTC,claimed_and_held,net_accumulator
344203,dany69.eth,24,1,13361839,2025-11-27 21:35:15.000 UTC,2084446884,0,0,0,2084446884,156,3,2025-11-27 21:35:15.000 UTC,2025-11-27 21:35:15.000 UTC,claimed_and_held,net_accumulator
446441,yaboyolgreg,177,1,133618386,2025-11-27 20:25:41.000 UTC,706351354.3054892,0,0,0,706351354.3054892,4,2,2025-11-26 20:01:19.000 UTC,2025-11-27 20:25:41.000 UTC,claimed_and_held,net_accumulator
1054326,husnahhh,68,1,66809193,2025-11-27 20:23:38.000 UTC,534473544,0,0,0,534473544,8,2,2025-11-27 20:23:38.000 UTC,2025-11-27 20:23:38.000 UTC,claimed_and_held,net_accumulator
14364,purp,179,1,133618386,2025-11-27 20:10:21.000 UTC,367977391.9626922,0,0,0,367977391.9626922,4,3,2025-11-27 20:10:21.000 UTC,2025-11-27 20:38:10.000 UTC,claimed_and_held,net_accumulator
310531,koolkheart.eth,61,1,66809193,2025-11-27 19:59:24.000 UTC,348141625.901078,0,0,0,348141625.901078,10,3,2025-11-27 19:57:25.000 UTC,2025-11-27 19:59:24.000 UTC,claimed_and_held,net_accumulator
528707,ghostbo4.eth,344,1,133618386,2025-11-27 19:54:29.000 UTC,267236772,0,0,0,267236772,2,6,2025-11-27 19:54:29.000 UTC,2025-11-27 19:54:29.000 UTC,claimed_and_held,net_accumulator
410023,gandhionchain.eth,59,1,66809193,2025-11-27 21:20:18.000 UTC,200427579,0,0,0,200427579,3,4,2025-11-27 21:20:18.000 UTC,2025-11-27 21:20:18.000 UTC,claimed_and_held,net_accumulator
481945,mohammadkhan,49,1,26723677,2025-11-27 21:11:57.000 UTC,387229569.7837995,244461274.89424753,0,0,142768294.889552,34,4,2025-11-26 20:00:27.000 UTC,2025-11-27 21:11:57.000 UTC,claimed_and_held,net_accumulator
194372,roadu,211,1,133618386,2025-11-27 20:29:12.000 UTC,133618386,0,0,0,133618386,1,2,2025-11-27 20:29:12.000 UTC,2025-11-27 20:29:12.000 UTC,claimed_and_held,partial_seller
375245,chasesommer,210,1,133618386,2025-11-27 21:06:37.000 UTC,133618386,0,0,0,133618386,1,3,2025-11-27 21:06:37.000 UTC,2025-11-27 21:06:37.000 UTC,claimed_and_held,partial_seller
510796,drrrner.eth,202,1,133618386,2025-11-27 22:07:19.000 UTC,133618386,0,0,0,133618386,1,4,2025-11-27 22:07:19.000 UTC,2025-11-27 22:07:19.000 UTC,claimed_and_held,partial_seller
253127,bleu.eth,138,1,133618386,2025-11-27 23:10:39.000 UTC,133618386,0,0,0,133618386,1,4,2025-11-27 23:10:39.000 UTC,2025-11-27 23:10:39.000 UTC,claimed_and_held,partial_seller
1407,zinger,131,1,133618386,2025-11-27 19:53:04.000 UTC,133618386,0,0,0,133618386,1,3,2025-11-27 19:53:04.000 UTC,2025-11-27 19:53:04.000 UTC,claimed_and_held,partial_seller
415872,boothtempleton.eth,127,1,133618386,2025-11-27 21:54:58.000 UTC,133618386,0,0,0,133618386,1,4,2025-11-27 21:54:58.000 UTC,2025-11-27 21:54:58.000 UTC,claimed_and_held,partial_seller
439610,rosekeyes,116,1,133618386,2025-11-27 21:16:09.000 UTC,133618386,0,0,0,133618386,1,3,2025-11-27 21:16:09.000 UTC,2025-11-27 21:16:09.000 UTC,claimed_and_held,partial_seller
199989,hellodanimo,105,1,133618386,2025-11-27 19:48:48.000 UTC,133618386,0,0,0,133618386,1,3,2025-11-27 19:48:48.000 UTC,2025-11-27 19:48:48.000 UTC,claimed_and_held,partial_seller
243300,yonfrula,101,1,133618386,2025-11-27 23:12:46.000 UTC,133618386,0,0,0,133618386,1,3,2025-11-27 23:12:46.000 UTC,2025-11-27 23:12:46.000 UTC,claimed_and_held,partial_seller
4167,nounishprof,69,1,66809193,2025-11-27 21:01:29.000 UTC,131716618.50865144,0,0,0,131716618.50865144,2,6,2025-11-26 20:36:51.000 UTC,2025-11-27 21:01:29.000 UTC,claimed_and_held,net_accumulator
507578,iohenn,10,1,13361839,2025-11-27 20:59:11.000 UTC,106894712,0,0,0,106894712,8,3,2025-11-27 20:59:11.000 UTC,2025-11-27 20:59:11.000 UTC,claimed_and_held,net_accumulator
1046968,breadsticks.eth,39,1,26723677,2025-11-27 23:20:56.000 UTC,80171031,0,0,0,80171031,3,2,2025-11-27 23:20:56.000 UTC,2025-11-27 23:20:56.000 UTC,claimed_and_held,net_accumulator
1119246,pascaline,17,1,13361839,2025-11-27 21:44:53.000 UTC,66809195,0,0,0,66809195,5,2,2025-11-27 21:44:53.000 UTC,2025-11-27 21:44:53.000 UTC,claimed_and_held,net_accumulator
20270,erica,93,1,66809193,2025-11-27 23:19:44.000 UTC,66809193,0,0,0,66809193,1,3,2025-11-27 23:19:44.000 UTC,2025-11-27 23:19:44.000 UTC,claimed_and_held,partial_seller
7212,bbroad,76,1,66809193,2025-11-27 23:08:39.000 UTC,66809193,0,0,0,66809193,1,5,2025-11-27 23:08:39.000 UTC,2025-11-27 23:08:39.000 UTC,claimed_and_held,partial_seller
392444,stiickz,69,1,66809193,2025-11-27 22:38:33.000 UTC,66809193,0,0,0,66809193,1,3,2025-11-27 22:38:33.000 UTC,2025-11-27 22:38:33.000 UTC,claimed_and_held,partial_seller
18723,brixbounty,65,1,66809193,2025-11-27 23:16:13.000 UTC,66809193,0,0,0,66809193,1,3,2025-11-27 23:16:13.000 UTC,2025-11-27 23:16:13.000 UTC,claimed_and_held,partial_seller
1050449,wtfken,59,1,66809193,2025-11-27 21:30:29.000 UTC,66809193,0,0,0,66809193,1,3,2025-11-27 21:30:29.000 UTC,2025-11-27 21:30:29.000 UTC,claimed_and_held,partial_seller
7715,royalaid.eth,56,1,66809193,2025-11-27 21:46:55.000 UTC,66809193,0,0,0,66809193,1,4,2025-11-27 21:46:55.000 UTC,2025-11-27 21:46:55.000 UTC,claimed_and_held,partial_seller
499783,tako-unik,54,1,66809193,2025-11-27 20:46:04.000 UTC,66809193,0,0,0,66809193,1,4,2025-11-27 20:46:04.000 UTC,2025-11-27 20:46:04.000 UTC,claimed_and_held,partial_seller
281676,anemale.eth,22,1,13361839,2025-11-27 23:14:53.000 UTC,59846642.45170732,0,0,0,59846642.45170732,12,4,2025-11-27 18:51:56.000 UTC,2025-11-27 23:14:53.000 UTC,claimed_and_held,net_accumulator
198783,hammallama.eth,47,1,26723677,2025-11-27 21:17:15.000 UTC,53482476.745125964,0,0,0,53482476.745125964,4,2,2025-11-27 21:17:15.000 UTC,2025-11-27 22:42:24.000 UTC,claimed_and_held,net_accumulator
1041215,futz,4,1,13361839,2025-11-27 21:41:59.000 UTC,53447356,0,0,0,53447356,4,3,2025-11-27 21:41:59.000 UTC,2025-11-27 21:41:59.000 UTC,claimed_and_held,net_accumulator
628100,johnnybravo01,9,1,13361839,2025-11-27 21:50:04.000 UTC,40085517,0,0,0,40085517,3,3,2025-11-27 21:50:04.000 UTC,2025-11-27 21:50:04.000 UTC,claimed_and_held,net_accumulator
4567,symbiotech,32,1,26723677,2025-11-27 23:23:09.000 UTC,36970003.927630365,0,0,0,36970003.927630365,3,9,2025-11-27 22:16:24.000 UTC,2025-11-27 23:23:09.000 UTC,claimed_and_held,net_accumulator
4904,mc,3,1,13361839,2025-11-27 19:56:21.000 UTC,33267101.048991345,0,0,0,33267101.048991345,3,2,2025-11-27 19:56:21.000 UTC,2025-11-27 22:49:05.000 UTC,claimed_and_held,net_accumulator
244803,dutchpeter,3,1,13361839,2025-11-27 23:01:06.000 UTC,26723678,0,0,0,26723678,2,3,2025-11-27 23:01:06.000 UTC,2025-11-27 23:01:06.000 UTC,claimed_and_held,net_accumulator
646397,trizsamae,54,1,26723677,2025-11-27 19:49:07.000 UTC,26723677,0,0,0,26723677,1,3,2025-11-27 19:49:07.000 UTC,2025-11-27 19:49:07.000 UTC,claimed_and_held,partial_seller
1048093,timoverse,51,1,26723677,2025-11-27 20:20:23.000 UTC,167090162.05529,140366485.05529,0,0,26723677,29,4,2025-11-27 18:19:51.000 UTC,2025-11-27 20:20:23.000 UTC,claimed_and_held,partial_seller
850823,ayeeshaxoxo,50,1,26723677,2025-11-27 20:20:04.000 UTC,26723677,0,0,0,26723677,1,3,2025-11-27 20:20:04.000 UTC,2025-11-27 20:20:04.000 UTC,claimed_and_held,partial_seller
862173,shairaaa,48,1,26723677,2025-11-27 21:06:44.000 UTC,26723677,0,0,0,26723677,1,2,2025-11-27 21:06:44.000 UTC,2025-11-27 21:06:44.000 UTC,claimed_and_held,partial_seller
1047223,nafeeesah,48,1,26723677,2025-11-27 20:32:18.000 UTC,26723677,0,0,0,26723677,1,3,2025-11-27 20:32:18.000 UTC,2025-11-27 20:32:18.000 UTC,claimed_and_held,partial_seller
264194,raccoontrading,47,1,26723677,2025-11-27 21:19:48.000 UTC,26723677,0,0,0,26723677,1,3,2025-11-27 21:19:48.000 UTC,2025-11-27 21:19:48.000 UTC,claimed_and_held,partial_seller
432964,pablo9678a,45,1,26723677,2025-11-27 22:02:22.000 UTC,26723677,0,0,0,26723677,1,3,2025-11-27 22:02:22.000 UTC,2025-11-27 22:02:22.000 UTC,claimed_and_held,partial_seller
431880,basement5k,43,1,26723677,2025-11-27 19:52:26.000 UTC,26723677,0,0,0,26723677,1,6,2025-11-27 19:52:26.000 UTC,2025-11-27 19:52:26.000 UTC,claimed_and_held,partial_seller
644823,0xkesha,41,1,26723677,2025-11-27 23:24:12.000 UTC,26723677,0,0,0,26723677,1,4,2025-11-27 23:24:12.000 UTC,2025-11-27 23:24:12.000 UTC,claimed_and_held,partial_seller
1180,triumph,33,1,26723677,2025-11-27 21:16:19.000 UTC,26723677,0,0,0,26723677,1,2,2025-11-27 21:16:19.000 UTC,2025-11-27 21:16:19.000 UTC,claimed_and_held,partial_seller
391793,rafaello12,33,1,26723677,2025-11-27 19:54:15.000 UTC,26723677,0,0,0,26723677,1,3,2025-11-27 19:54:15.000 UTC,2025-11-27 19:54:15.000 UTC,claimed_and_held,partial_seller
426,brianjckim,33,1,26723677,2025-11-27 20:41:10.000 UTC,26723677,0,0,0,26723677,1,3,2025-11-27 20:41:10.000 UTC,2025-11-27 20:41:10.000 UTC,claimed_and_held,partial_seller
2441,grunt,29,1,26723677,2025-11-27 21:01:44.000 UTC,26723677,0,0,0,26723677,1,2,2025-11-27 21:01:44.000 UTC,2025-11-27 21:01:44.000 UTC,claimed_and_held,partial_seller
16340,soyboy,4,1,13361839,2025-11-27 21:36:37.000 UTC,14631761.368663136,0,0,0,14631761.368663136,2,3,2025-11-27 21:36:37.000 UTC,2025-11-27 21:38:03.000 UTC,claimed_and_held,partial_seller
466312,whimsi.eth,24,1,13361839,2025-11-27 21:36:24.000 UTC,13361839,0,0,0,13361839,1,2,2025-11-27 21:36:24.000 UTC,2025-11-27 21:36:24.000 UTC,claimed_and_held,partial_seller
473136,thebestpizza.eth,21,1,13361839,2025-11-27 21:20:41.000 UTC,13361839,0,0,0,13361839,1,4,2025-11-27 21:20:41.000 UTC,2025-11-27 21:20:41.000 UTC,claimed_and_held,partial_seller
369,robin,20,1,13361839,2025-11-27 20:09:29.000 UTC,13361839,0,0,0,13361839,1,2,2025-11-27 20:09:29.000 UTC,2025-11-27 20:09:29.000 UTC,claimed_and_held,partial_seller
938091,ozmium.eth,14,1,13361839,2025-11-27 22:20:50.000 UTC,13361839,0,0,0,13361839,1,8,2025-11-27 22:20:50.000 UTC,2025-11-27 22:20:50.000 UTC,claimed_and_held,partial_seller
420958,degenlady1,14,1,13361839,2025-11-27 20:23:52.000 UTC,13361839,0,0,0,13361839,1,3,2025-11-27 20:23:52.000 UTC,2025-11-27 20:23:52.000 UTC,claimed_and_held,partial_seller
409644,alemac,13,1,13361839,2025-11-27 22:07:42.000 UTC,13361839,0,0,0,13361839,1,4,2025-11-27 22:07:42.000 UTC,2025-11-27 22:07:42.000 UTC,claimed_and_held,partial_seller
18586,links,13,1,13361839,2025-11-27 23:25:05.000 UTC,13361839,0,0,0,13361839,1,2,2025-11-27 23:25:05.000 UTC,2025-11-27 23:25:05.000 UTC,claimed_and_held,partial_seller
230238,mvr,12,1,13361839,2025-11-27 20:18:00.000 UTC,13361839,0,0,0,13361839,1,3,2025-11-27 20:18:00.000 UTC,2025-11-27 20:18:00.000 UTC,claimed_and_held,partial_seller
3253,flashprofits.eth,12,1,13361839,2025-11-27 20:37:52.000 UTC,13361839,0,0,0,13361839,1,2,2025-11-27 20:37:52.000 UTC,2025-11-27 20:37:52.000 UTC,claimed_and_held,partial_seller
3103,infinitehomie,8,1,13361839,2025-11-27 23:27:44.000 UTC,13361839,0,0,0,13361839,1,9,2025-11-27 23:27:44.000 UTC,2025-11-27 23:27:44.000 UTC,claimed_and_held,partial_seller
529895,ogebaeby,7,1,13361839,2025-11-27 20:16:48.000 UTC,13361839,0,0,0,13361839,1,3,2025-11-27 20:16:48.000 UTC,2025-11-27 20:16:48.000 UTC,claimed_and_held,partial_seller
2855,jesus,7,1,13361839,2025-11-27 21:13:07.000 UTC,13361839,0,0,0,13361839,1,2,2025-11-27 21:13:07.000 UTC,2025-11-27 21:13:07.000 UTC,claimed_and_held,partial_seller
390406,manymoe,7,1,13361839,2025-11-27 21:30:16.000 UTC,90793988.71383397,77432149.71383397,0,0,13361839,3,5,2025-11-26 20:00:52.000 UTC,2025-11-27 21:30:16.000 UTC,claimed_and_held,partial_seller
342680,natedev.eth,5,1,13361839,2025-11-27 23:29:39.000 UTC,13361839,0,0,0,13361839,1,2,2025-11-27 23:29:39.000 UTC,2025-11-27 23:29:39.000 UTC,claimed_and_held,partial_seller
6804,basedsatoshi.eth,5,1,13361839,2025-11-27 22:13:12.000 UTC,13361839,0,0,0,13361839,1,3,2025-11-27 22:13:12.000 UTC,2025-11-27 22:13:12.000 UTC,claimed_and_held,partial_seller
440747,arob1000,5,1,13361839,2025-11-27 21:40:11.000 UTC,13361839,0,0,0,13361839,1,7,2025-11-27 21:40:11.000 UTC,2025-11-27 21:40:11.000 UTC,claimed_and_held,partial_seller
494191,vanishingideal,5,1,13361839,2025-11-27 20:00:50.000 UTC,13361839,0,0,0,13361839,1,3,2025-11-27 20:00:50.000 UTC,2025-11-27 20:00:50.000 UTC,claimed_and_held,partial_seller
190000,ruminations,4,1,13361839,2025-11-27 20:10:08.000 UTC,13361839,0,0,0,13361839,1,4,2025-11-27 20:10:08.000 UTC,2025-11-27 20:10:08.000 UTC,claimed_and_held,partial_seller
4715,logonaut.eth,4,1,13361839,2025-11-27 20:03:20.000 UTC,13361839,0,0,0,13361839,1,4,2025-11-27 20:03:20.000 UTC,2025-11-27 20:03:20.000 UTC,claimed_and_held,partial_seller
247758,buzzedaldrin,4,1,13361839,2025-11-27 20:28:54.000 UTC,13361839,0,0,0,13361839,1,2,2025-11-27 20:28:54.000 UTC,2025-11-27 20:28:54.000 UTC,claimed_and_held,partial_seller
221255,ligne12,3,1,13361839,2025-11-27 20:56:00.000 UTC,13361839,0,0,0,13361839,1,4,2025-11-27 20:56:00.000 UTC,2025-11-27 20:56:00.000 UTC,claimed_and_held,partial_seller
8481,yar0x,3,1,13361839,2025-11-27 20:25:23.000 UTC,13361839,0,0,0,13361839,1,3,2025-11-27 20:25:23.000 UTC,2025-11-27 20:25:23.000 UTC,claimed_and_held,partial_seller
191780,agrimony.eth,3,1,13361839,2025-11-27 23:11:53.000 UTC,13361839,0,0,0,13361839,1,6,2025-11-27 23:11:53.000 UTC,2025-11-27 23:11:53.000 UTC,claimed_and_held,partial_seller
217530,banjara,3,1,13361839,2025-11-27 22:06:59.000 UTC,13361839,0,0,0,13361839,1,3,2025-11-27 22:06:59.000 UTC,2025-11-27 22:06:59.000 UTC,claimed_and_held,partial_seller
7589,lior,3,1,13361839,2025-11-27 22:48:02.000 UTC,13361839,0,0,0,13361839,1,5,2025-11-27 22:48:02.000 UTC,2025-11-27 22:48:02.000 UTC,claimed_and_held,partial_seller
310953,nuelprime,12,1,13361839,2025-11-27 21:28:29.000 UTC,945899232.7585851,932537393.7585855,0,0,13361838.999999642,46,5,2025-11-27 18:32:59.000 UTC,2025-11-27 21:28:29.000 UTC,claimed_and_held,partial_seller
11205,branksypop,3,1,13361839,2025-11-27 21:12:49.000 UTC,2948185900.940328,5842924445.880656,0,0,-2894738544.940328,10,2,2025-11-26 21:09:22.000 UTC,2025-11-27 21:12:49.000 UTC,claimed_and_held,mostly_sold
248111,darkoh.eth,256,1,133618386,2025-11-27 19:49:17.000 UTC,4384056736.183602,1945680000,0,1945680000,2438376736.1836023,20,4,2025-11-27 19:49:17.000 UTC,2025-11-30 01:23:13.000 UTC,claimed_and_sold,net_accumulator
193,derek,47,1,26723677,2025-11-27 21:32:52.000 UTC,1050110503.3381525,222442110.35000002,0,222442110.35000002,827668392.9881525,21,6,2025-11-26 19:59:35.000 UTC,2025-11-28 16:15:02.000 UTC,claimed_and_sold,net_accumulator
209951,swishh.eth,89,1,66809193,2025-11-27 21:11:12.000 UTC,469268219.02468884,268696737.76,0,268696737.76,200571481.26468885,10,3,2025-11-26 20:26:22.000 UTC,2025-11-28 19:22:30.000 UTC,claimed_and_sold,net_accumulator
428341,onbloaded,365,1,133618386,2025-11-27 19:50:12.000 UTC,822469319.7342287,727659070.684229,0,701710316,94810249.04999971,57,4,2025-11-26 19:54:27.000 UTC,2025-11-30 05:02:41.000 UTC,claimed_and_sold,partial_seller
499575,neverlee,29,1,26723677,2025-11-27 20:13:30.000 UTC,96603744.70808645,19320748.92,0,19320748.92,77282995.78808644,15,3,2025-11-27 19:46:11.000 UTC,2025-11-30 03:41:30.000 UTC,claimed_and_sold,net_accumulator
14369,madyak,23,1,13361839,2025-11-27 21:51:57.000 UTC,101101987.4248886,43870074.21,0,43870074.21,57231913.214888595,4,4,2025-11-26 19:57:20.000 UTC,2025-11-30 00:54:23.000 UTC,claimed_and_sold,net_accumulator
438886,yinks,39,1,26723677,2025-11-27 19:48:50.000 UTC,160342062,120256542,0,120256542,40085520,12,2,2025-11-27 19:48:50.000 UTC,2025-11-27 19:54:07.000 UTC,claimed_and_sold,net_accumulator
296687,jonathancolton,14,1,13361839,2025-11-27 23:23:41.000 UTC,64256053.72040665,50894214.72040665,0,50894214.72040665,13361839,3,6,2025-11-27 18:17:41.000 UTC,2025-11-28 18:23:08.000 UTC,claimed_and_sold,partial_seller
215589,listen2mm.eth,14,1,13361839,2025-11-27 19:57:00.000 UTC,26723678,13361839,0,13361839,13361839,4,5,2025-11-27 19:57:00.000 UTC,2025-11-27 19:58:42.000 UTC,claimed_and_sold,partial_seller
948872,husk,9,1,13361839,2025-11-27 19:48:28.000 UTC,31665553.426575854,18303714.426575854,0,18303714.426575854,13361839,25,2,2025-11-26 21:24:47.000 UTC,2025-11-27 20:00:24.000 UTC,claimed_and_sold,partial_seller
883678,usic,8,1,13361839,2025-11-27 21:52:08.000 UTC,76489687.76816139,63127848.768161386,0,63127848.768161386,13361839,4,2,2025-11-27 21:52:08.000 UTC,2025-11-28 19:24:25.000 UTC,claimed_and_sold,partial_seller
10956,1dolinski,24,1,13361839,2025-11-27 21:50:34.000 UTC,7844620629.563699,7831258790.5637,0,7831258790.5637,13361838.999999046,13,2,2025-11-26 23:49:37.000 UTC,2025-11-30 02:59:12.000 UTC,claimed_and_sold,partial_seller
20198,brettdrawsstuff,2,1,13361839,2025-11-27 19:50:21.000 UTC,13361839,5,0,5,13361834,2,2,2025-11-27 19:50:21.000 UTC,2025-11-27 21:35:32.000 UTC,claimed_and_sold,partial_seller
286924,jamesdesign.eth,10,1,13361839,2025-11-27 20:12:06.000 UTC,13361839,1336183.9,0,1336183.9,12025655.1,2,5,2025-11-27 20:12:06.000 UTC,2025-11-27 20:13:23.000 UTC,claimed_and_sold,partial_seller
296187,bestcryptotwits,182,1,133618386,2025-11-27 23:09:53.000 UTC,400855158,400551710.64,0,400551710.64,303447.3600000143,18,1,2025-11-27 23:09:53.000 UTC,2025-11-29 21:46:08.000 UTC,claimed_and_sold,mostly_sold
1103506,callguy,94,1,66809193,2025-11-27 19:49:41.000 UTC,267236772,267236772,0,267236772,0,12,2,2025-11-27 19:49:41.000 UTC,2025-11-27 19:50:48.000 UTC,claimed_and_sold,mostly_sold
239748,vlady,59,1,66809193,2025-11-27 21:58:47.000 UTC,133618386,133618386,0,133618386,0,4,4,2025-11-27 21:58:47.000 UTC,2025-11-27 22:22:12.000 UTC,claimed_and_sold,mostly_sold
1086985,yema,56,1,26723677,2025-11-27 21:11:19.000 UTC,187065739,187065739,0,187065739,0,14,5,2025-11-27 21:11:19.000 UTC,2025-11-27 22:54:58.000 UTC,claimed_and_sold,mostly_sold
435081,elnglr,27,1,13361839,2025-11-27 23:05:26.000 UTC,26723678,26723678,0,26723678,0,4,3,2025-11-27 23:05:26.000 UTC,2025-11-28 15:03:22.000 UTC,claimed_and_sold,mostly_sold
1045483,simplysimi,27,1,26723677,2025-11-27 21:20:57.000 UTC,1111681822.5400581,1111681822.5400581,0,213789416,0,32,3,2025-11-26 20:45:41.000 UTC,2025-11-28 08:20:37.000 UTC,claimed_and_sold,mostly_sold
422809,just-nath,20,1,13361839,2025-11-27 21:27:08.000 UTC,53447356,53447356,0,53447356,0,8,2,2025-11-27 21:27:08.000 UTC,2025-11-27 21:27:39.000 UTC,claimed_and_sold,mostly_sold
345377,basevip,17,1,13361839,2025-11-27 19:49:01.000 UTC,26723678,26723678,0,26723678,0,4,3,2025-11-27 19:49:01.000 UTC,2025-11-27 19:49:27.000 UTC,claimed_and_sold,mostly_sold
280168,bonesy,13,1,13361839,2025-11-27 21:40:09.000 UTC,26723678,26723678,0,26723678,0,4,3,2025-11-27 21:40:09.000 UTC,2025-11-29 14:02:35.000 UTC,claimed_and_sold,mostly_sold
389808,disky.eth,11,1,13361839,2025-11-27 22:34:47.000 UTC,30551435.793365885,30551435.793365885,0,13361839,0,4,4,2025-11-26 20:58:08.000 UTC,2025-11-27 22:35:47.000 UTC,claimed_and_sold,mostly_sold
277952,dummie.eth,9,1,13361839,2025-11-27 19:55:12.000 UTC,93532873,93532873,0,93532873,0,14,5,2025-11-27 19:55:12.000 UTC,2025-11-28 03:38:12.000 UTC,claimed_and_sold,mostly_sold
299388,refan,6,1,13361839,2025-11-27 22:28:08.000 UTC,26723678,26723678,0,26723678,0,4,3,2025-11-27 22:28:08.000 UTC,2025-11-27 22:28:40.000 UTC,claimed_and_sold,mostly_sold
1161,morganlefay.eth,2,1,13361839,2025-11-27 22:37:25.000 UTC,26723678,26723678,0,26723678,0,4,4,2025-11-27 22:37:25.000 UTC,2025-11-28 13:59:42.000 UTC,claimed_and_sold,mostly_sold
13182,sekoweed.eth,16,1,13361839,2025-11-27 19:49:49.000 UTC,13361839,26723678,0,26723678,-13361839,3,4,2025-11-27 19:49:49.000 UTC,2025-11-27 19:50:10.000 UTC,claimed_and_sold,mostly_sold
213559,mustang,7,1,13361839,2025-11-27 20:29:59.000 UTC,13361839,26723678,0,26723678,-13361839,3,5,2025-11-27 20:29:59.000 UTC,2025-11-27 20:55:52.000 UTC,claimed_and_sold,mostly_sold
298144,billieellis,4,1,13361839,2025-11-27 20:37:46.000 UTC,26723678,53447356,0,53447356,-26723678,6,2,2025-11-27 20:37:46.000 UTC,2025-11-28 04:59:25.000 UTC,claimed_and_sold,mostly_sold
436728,olystuart,44,1,26723677,2025-11-27 21:24:21.000 UTC,30193160.289329443,60386320.578658886,0,60386320.578658886,-30193160.289329443,4,3,2025-11-27 21:24:21.000 UTC,2025-11-28 23:28:44.000 UTC,claimed_and_sold,mostly_sold
201198,sangohan,4,1,13361839,2025-11-27 20:41:00.000 UTC,72800210.01649666,118876742.03299329,0,60876742.03299331,-46076532.01649663,10,5,2025-11-27 17:31:39.000 UTC,2025-11-28 12:39:47.000 UTC,claimed_and_sold,mostly_sold
1024901,veiva,16,1,13361839,2025-11-27 21:04:13.000 UTC,53447356,106894712,0,106894712,-53447356,12,2,2025-11-27 21:04:13.000 UTC,2025-11-28 09:00:41.000 UTC,claimed_and_sold,mostly_sold
394023,dexxcuyy.eth,41,1,26723677,2025-11-27 20:16:06.000 UTC,106894708,213789416,0,213789416,-106894708,12,6,2025-11-27 20:16:06.000 UTC,2025-11-27 20:27:43.000 UTC,claimed_and_sold,mostly_sold
628616,leonard-fuu,72,1,66809193,2025-11-27 21:49:56.000 UTC,133618386,267236772,0,267236772,-133618386,6,3,2025-11-27 21:49:56.000 UTC,2025-11-27 21:50:35.000 UTC,claimed_and_sold,mostly_sold
1050560,lianta,34,1,26723677,2025-11-27 20:18:02.000 UTC,213789416,374131477.9200001,0,374131477.9200001,-160342061.92000008,56,4,2025-11-27 20:18:02.000 UTC,2025-11-28 09:02:08.000 UTC,claimed_and_sold,mostly_sold
1043651,peepee2,24,1,13361839,2025-11-27 20:10:19.000 UTC,200427585,400855170,0,400855170,-200427585,45,2,2025-11-27 20:10:19.000 UTC,2025-11-28 08:54:57.000 UTC,claimed_and_sold,mostly_sold
434955,akins,60,1,66809193,2025-11-27 19:48:44.000 UTC,734901123,1402993053,0,1402993053,-668091930,52,4,2025-11-27 19:48:44.000 UTC,2025-11-29 13:16:46.000 UTC,claimed_and_sold,mostly_sold
2217,d,1,0,,,4951621734.312315,0,0,0,4951621734.312315,6,4,2025-11-26 21:27:28.000 UTC,2025-11-26 21:27:28.000 UTC,didnt_claim_but_bought,other
193158,brydeadhead.eth,6,0,,,4896113279.650816,0,0,0,4896113279.650816,2,6,2025-11-26 20:50:15.000 UTC,2025-11-28 01:51:51.000 UTC,didnt_claim_but_bought,other
4482,deployer,13,0,,,4714414439.668246,0,0,0,4714414439.668246,1,4,2025-11-27 01:26:22.000 UTC,2025-11-27 01:26:22.000 UTC,didnt_claim_but_bought,other
8152,undefined,1,0,,,6574408642.768576,3287204321.4,0,3287204321.4,3287204321.3685756,8,5,2025-11-26 20:41:51.000 UTC,2025-11-27 20:04:32.000 UTC,didnt_claim_but_bought,other
473,matthew,6,0,,,2963374946.76452,0,1102102933.41779,0,2963374946.76452,5,2,2025-11-26 21:09:29.000 UTC,2025-11-30 05:22:28.000 UTC,didnt_claim_but_bought,other
361635,chrismartz.eth,1,0,,,6334846239.333282,3445648472.8820286,4757650787.45213,3445648472.8820286,2889197766.4512544,21,3,2025-11-27 22:47:23.000 UTC,2025-11-30 02:35:44.000 UTC,didnt_claim_but_bought,other
5254,papa,5,0,,,3463384615.0722404,1270052570.735904,2180770205.3363366,1270052570.735904,2193332044.336336,29,3,2025-11-27 17:43:22.000 UTC,2025-11-29 17:27:03.000 UTC,didnt_claim_but_bought,other
246383,xau,1,0,,,5670797187.103409,3832142746.057135,1838654441.0462735,3832142746.057135,1838654441.0462737,4,4,2025-11-26 19:54:45.000 UTC,2025-11-30 00:39:18.000 UTC,didnt_claim_but_bought,other
3621,horsefacts.eth,82,0,,,1894386567.9665928,80000000,696491228.0836977,80000000,1814386567.9665928,52,12,2025-11-26 19:55:52.000 UTC,2025-11-30 03:51:01.000 UTC,didnt_claim_but_bought,other
3635,androidsixteen.eth,26,0,,,3047246917.4757833,1523623458.74,0,0,1523623458.7357833,4,4,2025-11-27 17:54:36.000 UTC,2025-11-27 19:12:32.000 UTC,didnt_claim_but_bought,other
248216,sartocrates,52,0,,,667813811.3496854,0,601004618.3496854,0,667813811.3496854,14,4,2025-11-28 15:18:47.000 UTC,2025-11-30 03:04:57.000 UTC,didnt_claim_but_bought,other
2242,carter,30,0,,,547671066.7096779,0,42048225.10161522,0,547671066.7096779,12,3,2025-11-27 18:24:13.000 UTC,2025-11-29 23:37:03.000 UTC,didnt_claim_but_bought,other
246557,panik,1,0,,,424094448.1396004,0,0,0,424094448.1396004,1,3,2025-11-27 20:08:44.000 UTC,2025-11-27 20:08:44.000 UTC,didnt_claim_but_bought,other
256931,catch0x22.eth,149,0,,,477514714.4057218,273834682.03595656,210277942.40572175,273834682.03595656,203680032.3697652,20,6,2025-11-28 05:13:44.000 UTC,2025-11-29 23:26:50.000 UTC,didnt_claim_but_bought,other
7464,spitfunkolips.eth,83,0,,,200427579,0,0,0,200427579,3,3,2025-11-28 14:56:05.000 UTC,2025-11-28 14:56:05.000 UTC,didnt_claim_but_bought,other
15351,0ffline,162,0,,,185634652.42064655,0,0,0,185634652.42064655,5,3,2025-11-27 21:42:58.000 UTC,2025-11-27 21:42:58.000 UTC,didnt_claim_but_bought,other
5713,streetphoto,72,0,,,402933197.760922,240808025.59861812,202505618.760922,240808025.59861812,162125172.1623039,10,5,2025-11-28 09:30:19.000 UTC,2025-11-29 19:49:53.000 UTC,didnt_claim_but_bought,other
4282,matthewfox,39,0,,,148513588.68513542,0,95066234.68513544,0,148513588.68513542,4,3,2025-11-28 11:16:51.000 UTC,2025-11-30 00:59:10.000 UTC,didnt_claim_but_bought,other
4698,jenna,11,0,,,138349003.8967837,0,0,0,138349003.8967837,12,4,2025-11-27 19:29:35.000 UTC,2025-11-28 01:21:33.000 UTC,didnt_claim_but_bought,other
20384,itsbasil,143,0,,,133618386,0,0,0,133618386,1,3,2025-11-28 00:36:38.000 UTC,2025-11-28 00:36:38.000 UTC,didnt_claim_but_bought,other
269694,bitfloorsghost.eth,136,0,,,133618386,0,0,0,133618386,1,2,2025-11-28 15:01:40.000 UTC,2025-11-28 15:01:40.000 UTC,didnt_claim_but_bought,other
2210,kenny,135,0,,,133618386,0,0,0,133618386,1,3,2025-11-28 03:25:31.000 UTC,2025-11-28 03:25:31.000 UTC,didnt_claim_but_bought,other
214447,yes2crypto.eth,118,0,,,133618386,0,0,0,133618386,1,3,2025-11-28 01:50:37.000 UTC,2025-11-28 01:50:37.000 UTC,didnt_claim_but_bought,other
237973,fffflood,115,0,,,133618386,0,0,0,133618386,1,2,2025-11-28 16:18:04.000 UTC,2025-11-28 16:18:04.000 UTC,didnt_claim_but_bought,other
15549,dish,35,0,,,127747266.79935741,0,0,0,127747266.79935741,3,4,2025-11-26 19:59:15.000 UTC,2025-11-28 13:11:04.000 UTC,didnt_claim_but_bought,other
396547,willpowered.eth,2,0,,,124485574.09352885,0,30952701.09352885,0,124485574.09352885,14,2,2025-11-28 17:56:19.000 UTC,2025-11-28 18:09:53.000 UTC,didnt_claim_but_bought,other
934273,geniuscreative,6,0,,,120256551,13361839,0,13361839,106894712,10,3,2025-11-28 13:16:08.000 UTC,2025-11-28 13:23:07.000 UTC,didnt_claim_but_bought,other
5698,0xcaso,13,0,,,100967493.74984477,0,0,0,100967493.74984477,1,5,2025-11-27 21:33:17.000 UTC,2025-11-27 21:33:17.000 UTC,didnt_claim_but_bought,other
204173,asenderling.eth,2,0,,,96545723.98424411,0,83183884.98424411,0,96545723.98424411,2,3,2025-11-28 18:00:04.000 UTC,2025-11-28 20:45:43.000 UTC,didnt_claim_but_bought,other
308588,terrybain,23,0,,,92582122.43005343,0,10648817.34904798,0,92582122.43005343,16,4,2025-11-27 17:55:34.000 UTC,2025-11-28 21:29:42.000 UTC,didnt_claim_but_bought,other
20264,lobstermindset.eth,6,0,,,92129162.41212827,0,92129162.41212827,0,92129162.41212827,1,2,2025-11-28 21:54:57.000 UTC,2025-11-28 21:54:57.000 UTC,didnt_claim_but_bought,other
211275,bornelder.eth,1,0,,,172685217.45465824,87623275.69028938,172685217.45465824,87623275.69028938,85061941.76436886,40,2,2025-11-28 17:21:43.000 UTC,2025-11-30 04:42:04.000 UTC,didnt_claim_but_bought,other
270504,proxystudio,44,0,,,80171031,0,0,0,80171031,3,3,2025-11-28 19:55:32.000 UTC,2025-11-28 19:55:32.000 UTC,didnt_claim_but_bought,other
421001,birtcorn,11,0,,,73455262.43099126,0,0,0,73455262.43099126,2,3,2025-11-27 18:23:36.000 UTC,2025-11-27 18:23:36.000 UTC,didnt_claim_but_bought,other
247238,shiiiiison.eth,88,0,,,66809193,0,0,0,66809193,1,2,2025-11-29 01:57:02.000 UTC,2025-11-29 01:57:02.000 UTC,didnt_claim_but_bought,other
7143,six,81,0,,,66809193,0,0,0,66809193,1,2,2025-11-28 05:35:39.000 UTC,2025-11-28 05:35:39.000 UTC,didnt_claim_but_bought,other
3652,aqueous,80,0,,,184220451.04157716,117411258.04157716,0,117411258.04157716,66809193,7,3,2025-11-26 20:16:29.000 UTC,2025-11-28 14:01:48.000 UTC,didnt_claim_but_bought,other
4895,matthewb,74,0,,,66809193,0,0,0,66809193,1,2,2025-11-28 00:17:50.000 UTC,2025-11-28 00:17:50.000 UTC,didnt_claim_but_bought,other
424372,depressivehacks,73,0,,,66809193,0,0,0,66809193,1,3,2025-11-28 02:57:06.000 UTC,2025-11-28 02:57:06.000 UTC,didnt_claim_but_bought,other
914063,poolanger,61,0,,,133618386,66809193,0,66809193,66809193,3,3,2025-11-29 13:42:17.000 UTC,2025-11-29 13:43:54.000 UTC,didnt_claim_but_bought,other
291971,megajayar.eth,45,0,,,133618385,80171031,0,80171031,53447354,8,4,2025-11-28 00:10:44.000 UTC,2025-11-28 00:14:52.000 UTC,didnt_claim_but_bought,other
11528,jrf,38,0,,,53447354,0,0,0,53447354,2,3,2025-11-28 15:36:17.000 UTC,2025-11-28 15:36:17.000 UTC,didnt_claim_but_bought,other
350139,joshisdead.eth,29,0,,,53447354,0,0,0,53447354,2,3,2025-11-28 01:41:40.000 UTC,2025-11-28 01:41:40.000 UTC,didnt_claim_but_bought,other
599948,myqueen201023,28,0,,,220331809.0704081,166884455.0704081,166884455.0704081,166884455.0704081,53447354,12,3,2025-11-28 00:18:12.000 UTC,2025-11-28 23:50:43.000 UTC,didnt_claim_but_bought,other
5406,bradq,15,0,,,106894712,66809195,0,66809195,40085517,13,3,2025-11-30 01:18:46.000 UTC,2025-11-30 02:40:38.000 UTC,didnt_claim_but_bought,other
2777,alex,3,0,,,38726887.51664895,0,12003209.51664895,0,38726887.51664895,3,5,2025-11-28 05:28:43.000 UTC,2025-11-28 06:37:43.000 UTC,didnt_claim_but_bought,other
8573,epicdylan,31,0,,,37797901.78924073,0,37797901.78924073,0,37797901.78924073,2,4,2025-11-30 03:11:37.000 UTC,2025-11-30 03:11:37.000 UTC,didnt_claim_but_bought,other
1085971,retrojoystick,28,0,,,35376699.22673452,0,3182285.8897216846,0,35376699.22673452,3,3,2025-11-27 17:54:52.000 UTC,2025-11-28 05:09:09.000 UTC,didnt_claim_but_bought,other
849768,dxfareed,4,0,,,34325941.88008171,0,0,0,34325941.88008171,3,3,2025-11-26 23:11:58.000 UTC,2025-11-28 00:18:07.000 UTC,didnt_claim_but_bought,other
8004,ahn.eth,24,0,,,31352276.646694727,0,17990437.646694727,0,31352276.646694727,3,6,2025-11-28 11:24:01.000 UTC,2025-11-28 21:28:12.000 UTC,didnt_claim_but_bought,other
18975,taliskye,19,0,,,29731317.825803246,0,29731317.825803246,0,29731317.825803246,1,4,2025-11-30 04:33:22.000 UTC,2025-11-30 04:33:22.000 UTC,didnt_claim_but_bought,other
1127372,capybara99,9,0,,,28909535.721661676,0,2185857.7216616743,0,28909535.721661676,4,2,2025-11-28 12:16:55.000 UTC,2025-11-30 02:14:08.000 UTC,didnt_claim_but_bought,other
780900,afrochicks,22,0,,,26723678,0,0,0,26723678,2,3,2025-11-28 00:39:56.000 UTC,2025-11-28 00:39:56.000 UTC,didnt_claim_but_bought,other
368412,mferones,18,0,,,26723678,0,0,0,26723678,2,3,2025-11-28 18:26:50.000 UTC,2025-11-28 18:26:50.000 UTC,didnt_claim_but_bought,other
323251,miguelgarest.eth,9,0,,,26723678,0,0,0,26723678,2,4,2025-11-28 12:02:26.000 UTC,2025-11-28 12:02:26.000 UTC,didnt_claim_but_bought,other
263574,tonyminh,7,0,,,26723678,0,0,0,26723678,2,3,2025-11-28 01:47:27.000 UTC,2025-11-28 01:47:27.000 UTC,didnt_claim_but_bought,other
1231120,gloppy,6,0,,,26723678,0,0,0,26723678,2,2,2025-11-28 03:03:20.000 UTC,2025-11-28 03:03:20.000 UTC,didnt_claim_but_bought,other
246871,acai,6,0,,,26723678,0,0,0,26723678,2,3,2025-11-28 10:01:42.000 UTC,2025-11-28 10:01:42.000 UTC,didnt_claim_but_bought,other
435850,tokenizedhuman,5,0,,,40085517,13361839,0,13361839,26723678,4,3,2025-11-28 08:53:07.000 UTC,2025-11-28 08:58:39.000 UTC,didnt_claim_but_bought,other
541455,gryphon,4,0,,,26723678,0,0,0,26723678,2,3,2025-11-28 01:21:54.000 UTC,2025-11-28 01:21:54.000 UTC,didnt_claim_but_bought,other
16512,0xbamboostrong,3,0,,,26723678,0,0,0,26723678,2,4,2025-11-28 06:17:51.000 UTC,2025-11-28 06:17:51.000 UTC,didnt_claim_but_bought,other
212074,0x-omen.eth,3,0,,,26723678,0,0,0,26723678,2,2,2025-11-28 00:25:01.000 UTC,2025-11-28 00:25:01.000 UTC,didnt_claim_but_bought,other
403020,push-,2,0,,,26723678,0,0,0,26723678,2,3,2025-11-28 15:42:29.000 UTC,2025-11-28 15:42:29.000 UTC,didnt_claim_but_bought,other
213618,0xphunk.eth,2,0,,,26723678,0,0,0,26723678,2,5,2025-11-29 20:44:20.000 UTC,2025-11-29 20:44:20.000 UTC,didnt_claim_but_bought,other
311933,burr.eth,50,0,,,26723677,0,0,0,26723677,1,3,2025-11-29 00:53:02.000 UTC,2025-11-29 00:53:02.000 UTC,didnt_claim_but_bought,other
15850,christin,46,0,,,26723677,0,0,0,26723677,1,2,2025-11-28 00:16:46.000 UTC,2025-11-28 00:16:46.000 UTC,didnt_claim_but_bought,other
518129,danfaje.eth,39,0,,,26723677,0,0,0,26723677,1,3,2025-11-28 07:32:19.000 UTC,2025-11-28 07:32:19.000 UTC,didnt_claim_but_bought,other
190218,icetoad.eth,37,0,,,26723677,0,0,0,26723677,1,4,2025-11-28 00:48:27.000 UTC,2025-11-28 00:48:27.000 UTC,didnt_claim_but_bought,other
5142,mrbriandesign,33,0,,,26723677,0,0,0,26723677,1,6,2025-11-28 02:33:53.000 UTC,2025-11-28 02:33:53.000 UTC,didnt_claim_but_bought,other
247143,kylepatrick.eth,32,0,,,26723677,0,0,0,26723677,1,4,2025-11-28 09:18:51.000 UTC,2025-11-28 09:18:51.000 UTC,didnt_claim_but_bought,other
440352,thegoldenbright,32,0,,,26723677,0,0,0,26723677,1,6,2025-11-28 01:08:00.000 UTC,2025-11-28 01:08:00.000 UTC,didnt_claim_but_bought,other
245124,sgniwder,30,0,,,26723677,0,0,0,26723677,1,6,2025-11-28 15:12:58.000 UTC,2025-11-28 15:12:58.000 UTC,didnt_claim_but_bought,other
234616,pichi,28,0,,,26723677,0,0,0,26723677,1,5,2025-11-28 09:24:50.000 UTC,2025-11-28 09:24:50.000 UTC,didnt_claim_but_bought,other
217780,0xsujit,27,0,,,26723677,0,0,0,26723677,1,3,2025-11-28 02:57:12.000 UTC,2025-11-28 02:57:12.000 UTC,didnt_claim_but_bought,other
278572,vedapaths,26,0,,,26723677,0,0,0,26723677,1,4,2025-11-28 05:08:23.000 UTC,2025-11-28 05:08:23.000 UTC,didnt_claim_but_bought,other
268438,cashlessman.eth,26,0,,,26723677,0,0,0,26723677,1,3,2025-11-28 01:45:00.000 UTC,2025-11-28 01:45:00.000 UTC,didnt_claim_but_bought,other
204221,jarrettr,17,0,,,21691703.15392138,0,8329864.153921381,0,21691703.15392138,5,4,2025-11-28 05:51:53.000 UTC,2025-11-28 06:01:05.000 UTC,didnt_claim_but_bought,other
1024920,greygood,11,0,,,40085517,20042758.5,0,20042758.5,20042758.5,6,2,2025-11-28 04:01:30.000 UTC,2025-11-30 02:22:23.000 UTC,didnt_claim_but_bought,other
8885,jasonmeinzer,0,0,,,72230274.13847917,54172705.599999994,0,18057568.54,18057568.53847918,6,3,2025-11-27 00:01:36.000 UTC,2025-11-27 21:43:37.000 UTC,didnt_claim_but_bought,other
294090,stustustudio,1,0,,,17131711.54487719,0,17131711.54487719,0,17131711.54487719,1,3,2025-11-28 12:01:43.000 UTC,2025-11-28 12:01:43.000 UTC,didnt_claim_but_bought,other
222896,llamafacts.eth,0,0,,,14591853.00390551,0,14591853.00390551,0,14591853.00390551,4,3,2025-11-30 03:45:15.000 UTC,2025-11-30 03:45:15.000 UTC,didnt_claim_but_bought,other
650888,purplenerrd,22,0,,,13361839,0,0,0,13361839,1,3,2025-11-28 20:58:03.000 UTC,2025-11-28 20:58:03.000 UTC,didnt_claim_but_bought,other
6622,dogfacts.eth,20,0,,,13361839,0,0,0,13361839,1,4,2025-11-28 05:51:40.000 UTC,2025-11-28 05:51:40.000 UTC,didnt_claim_but_bought,other
1371361,frustration,20,0,,,13361839,0,0,0,13361839,1,3,2025-11-29 23:08:45.000 UTC,2025-11-29 23:08:45.000 UTC,didnt_claim_but_bought,other
191042,atown,18,0,,,13361839,0,0,0,13361839,1,5,2025-11-30 05:51:27.000 UTC,2025-11-30 05:51:27.000 UTC,didnt_claim_but_bought,other
227242,helladj,18,0,,,13361839,0,0,0,13361839,1,4,2025-11-28 00:16:29.000 UTC,2025-11-28 00:16:29.000 UTC,didnt_claim_but_bought,other
456627,artbysalman,17,0,,,13361839,0,0,0,13361839,1,4,2025-11-28 02:53:19.000 UTC,2025-11-28 02:53:19.000 UTC,didnt_claim_but_bought,other
1102924,junyboy.eth,14,0,,,13361839,0,0,0,13361839,1,4,2025-11-28 04:27:58.000 UTC,2025-11-28 04:27:58.000 UTC,didnt_claim_but_bought,other
408979,nmeow.eth,12,0,,,13361839,0,0,0,13361839,1,4,2025-11-28 00:58:00.000 UTC,2025-11-28 00:58:00.000 UTC,didnt_claim_but_bought,other
417851,tracyit,12,0,,,13361839,0,0,0,13361839,1,3,2025-11-28 05:19:21.000 UTC,2025-11-28 05:19:21.000 UTC,didnt_claim_but_bought,other
1970,grin,10,0,,,13361839,0,0,0,13361839,1,3,2025-11-28 01:08:23.000 UTC,2025-11-28 01:08:23.000 UTC,didnt_claim_but_bought,other
885391,kinexa,10,0,,,13361839,0,0,0,13361839,1,3,2025-11-28 04:16:15.000 UTC,2025-11-28 04:16:15.000 UTC,didnt_claim_but_bought,other
4716,allyourbase,10,0,,,13361839,0,0,0,13361839,1,4,2025-11-28 20:17:45.000 UTC,2025-11-28 20:17:45.000 UTC,didnt_claim_but_bought,other
759540,homohugh,9,0,,,13361839,0,0,0,13361839,1,7,2025-11-28 01:21:56.000 UTC,2025-11-28 01:21:56.000 UTC,didnt_claim_but_bought,other
12048,mathew.eth,9,0,,,13361839,0,0,0,13361839,1,4,2025-11-28 15:39:58.000 UTC,2025-11-28 15:39:58.000 UTC,didnt_claim_but_bought,other
342703,nftkid,8,0,,,13361839,0,0,0,13361839,1,3,2025-11-28 09:22:25.000 UTC,2025-11-28 09:22:25.000 UTC,didnt_claim_but_bought,other
409857,yerbearserker,8,0,,,13361839,0,0,0,13361839,1,4,2025-11-28 16:37:11.000 UTC,2025-11-28 16:37:11.000 UTC,didnt_claim_but_bought,other
7097,m-j-r,8,0,,,13361839,0,0,0,13361839,1,3,2025-11-29 01:20:10.000 UTC,2025-11-29 01:20:10.000 UTC,didnt_claim_but_bought,other
477126,catfacts.eth,7,0,,,13361839,0,0,0,13361839,1,4,2025-11-28 08:12:03.000 UTC,2025-11-28 08:12:03.000 UTC,didnt_claim_but_bought,other
446697,zeni.eth,7,0,,,13361839,0,0,0,13361839,1,4,2025-11-28 06:01:39.000 UTC,2025-11-28 06:01:39.000 UTC,didnt_claim_but_bought,other
191554,ivc,7,0,,,13361839,0,0,0,13361839,1,7,2025-11-28 05:58:58.000 UTC,2025-11-28 05:58:58.000 UTC,didnt_claim_but_bought,other
324395,brybrye.eth,6,0,,,13361839,0,0,0,13361839,1,2,2025-11-28 01:30:38.000 UTC,2025-11-28 01:30:38.000 UTC,didnt_claim_but_bought,other
195117,jacque,6,0,,,13361839,0,0,0,13361839,1,5,2025-11-28 15:58:03.000 UTC,2025-11-28 15:58:03.000 UTC,didnt_claim_but_bought,other
6097,flick,6,0,,,13361839,0,0,0,13361839,1,6,2025-11-28 01:42:19.000 UTC,2025-11-28 01:42:19.000 UTC,didnt_claim_but_bought,other
1014465,oddlyaugmented.eth,5,0,,,13361839,0,0,0,13361839,1,4,2025-11-28 03:38:01.000 UTC,2025-11-28 03:38:01.000 UTC,didnt_claim_but_bought,other
4268,marlo,5,0,,,13361839,0,0,0,13361839,1,3,2025-11-28 01:11:12.000 UTC,2025-11-28 01:11:12.000 UTC,didnt_claim_but_bought,other
280302,marrk,4,0,,,13361839,0,0,0,13361839,1,4,2025-11-28 16:28:12.000 UTC,2025-11-28 16:28:12.000 UTC,didnt_claim_but_bought,other
283030,spacebuddha42.eth,4,0,,,13361839,0,0,0,13361839,1,3,2025-11-28 15:16:59.000 UTC,2025-11-28 15:16:59.000 UTC,didnt_claim_but_bought,other
196149,felirami.eth,4,0,,,13361839,0,0,0,13361839,1,4,2025-11-28 11:15:39.000 UTC,2025-11-28 11:15:39.000 UTC,didnt_claim_but_bought,other
327165,nicolasdavis,3,0,,,13361839,0,0,0,13361839,1,4,2025-11-28 17:48:24.000 UTC,2025-11-28 17:48:24.000 UTC,didnt_claim_but_bought,other
237884,77luka.eth,3,0,,,13361839,0,0,0,13361839,1,4,2025-11-28 00:20:52.000 UTC,2025-11-28 00:20:52.000 UTC,didnt_claim_but_bought,other
483462,janicka,3,0,,,13361839,0,0,0,13361839,1,3,2025-11-28 12:05:19.000 UTC,2025-11-28 12:05:19.000 UTC,didnt_claim_but_bought,other
227850,imrk,3,0,,,13361839,0,0,0,13361839,1,6,2025-11-28 05:37:04.000 UTC,2025-11-28 05:37:04.000 UTC,didnt_claim_but_bought,other
3112,rileybeans,3,0,,,13361839,0,0,0,13361839,1,3,2025-11-28 00:54:45.000 UTC,2025-11-28 00:54:45.000 UTC,didnt_claim_but_bought,other
2139,seanwbren,2,0,,,13361839,0,0,0,13361839,1,3,2025-11-28 02:39:53.000 UTC,2025-11-28 02:39:53.000 UTC,didnt_claim_but_bought,other
191503,arfonzo.eth,2,0,,,13361839,0,0,0,13361839,1,3,2025-11-28 17:54:33.000 UTC,2025-11-28 17:54:33.000 UTC,didnt_claim_but_bought,other
499579,chronist,2,0,,,13361839,0,0,0,13361839,1,4,2025-11-28 07:22:15.000 UTC,2025-11-28 07:22:15.000 UTC,didnt_claim_but_bought,other
939842,snoova,0,0,,,44089713.203265995,34044856.6,0,34044856.6,10044856.603265993,3,5,2025-11-27 18:17:34.000 UTC,2025-11-30 02:28:45.000 UTC,didnt_claim_but_bought,other
12388,trh,5,0,,,5729965.204612797,0,5729965.204612797,0,5729965.204612797,1,2,2025-11-28 15:24:43.000 UTC,2025-11-28 15:24:43.000 UTC,didnt_claim_but_bought,other
1020654,jimmynorules,103,0,,,500248305.16620314,500248305.1662031,0,0,5.960464477539063e-8,15,4,2025-11-26 20:00:28.000 UTC,2025-11-26 20:16:59.000 UTC,didnt_claim_but_bought,other
436495,floof,8,0,,,95817173.36914761,95817173.3691476,80033539.80744363,95817173.3691476,1.4901161193847656e-8,7,1,2025-11-27 19:26:21.000 UTC,2025-11-29 15:30:51.000 UTC,didnt_claim_but_bought,other
412843,superbuu.eth,141,0,,,133618386,133618386,0,133618386,0,2,4,2025-11-28 00:33:50.000 UTC,2025-11-28 01:05:07.000 UTC,didnt_claim_but_bought,other
10215,zoo,74,0,,,66809193,66809193,0,66809193,0,2,3,2025-11-28 22:59:15.000 UTC,2025-11-29 14:27:10.000 UTC,didnt_claim_but_bought,other
266490,tophb,20,0,,,160342068,160342068,0,160342068,0,24,3,2025-11-28 01:53:55.000 UTC,2025-11-29 13:13:04.000 UTC,didnt_claim_but_bought,other
293466,bullrunna.eth,16,0,,,325563543.78295505,325563543.78295505,0,0,0,4,3,2025-11-26 21:12:38.000 UTC,2025-11-26 21:17:47.000 UTC,didnt_claim_but_bought,other
1045847,jeff-xyz,15,0,,,85649286.19783866,85649286.19783866,72287447.19783866,85649286.19783866,0,4,2,2025-11-28 01:39:38.000 UTC,2025-11-28 02:10:31.000 UTC,didnt_claim_but_bought,other
19032,toffix,13,0,,,13361839,13361839,0,13361839,0,2,3,2025-11-28 00:39:54.000 UTC,2025-11-28 00:43:49.000 UTC,didnt_claim_but_bought,other
396217,zeedan,12,0,,,40085517,40085517,0,40085517,0,6,4,2025-11-28 16:20:49.000 UTC,2025-11-28 16:22:06.000 UTC,didnt_claim_but_bought,other
228126,web3lia,8,0,,,26723678,26723678,0,26723678,0,4,4,2025-11-28 04:06:35.000 UTC,2025-11-28 06:01:15.000 UTC,didnt_claim_but_bought,other
1057806,kasabiann,6,0,,,80171034,80171034,0,80171034,0,12,4,2025-11-28 17:19:52.000 UTC,2025-11-28 17:20:36.000 UTC,didnt_claim_but_bought,other
346798,nachovarga,5,0,,,491257974.28899163,491257974.28899163,0,0,0,4,3,2025-11-26 20:24:21.000 UTC,2025-11-27 18:26:56.000 UTC,didnt_claim_but_bought,other
514113,eliasvm.eth,3,0,,,13361839,13361839,0,13361839,0,2,5,2025-11-28 18:15:38.000 UTC,2025-11-28 18:20:02.000 UTC,didnt_claim_but_bought,other
1051552,melaningenie,3,0,,,26723678,26723678,0,26723678,0,4,2,2025-11-28 09:06:45.000 UTC,2025-11-28 09:14:08.000 UTC,didnt_claim_but_bought,other
236971,ruggy,3,0,,,13361839,13361839,0,13361839,0,2,3,2025-11-28 15:37:23.000 UTC,2025-11-28 15:37:43.000 UTC,didnt_claim_but_bought,other
276695,jonathanmccallum,2,0,,,13003606.787190711,13003606.8,13003606.787190711,13003606.8,-0.012809289619326591,6,4,2025-11-28 11:19:26.000 UTC,2025-11-28 14:20:12.000 UTC,didnt_claim_but_bought,other
273221,mwmw,10,0,,,13361839,26723678,0,26723678,-13361839,3,2,2025-11-29 20:20:34.000 UTC,2025-11-29 20:21:18.000 UTC,didnt_claim_but_bought,other
13796,ashwinikumar.eth,8,0,,,13361839,26723678,0,26723678,-13361839,3,4,2025-11-29 01:41:07.000 UTC,2025-11-29 01:50:36.000 UTC,didnt_claim_but_bought,other
24128,chris24.eth,5,0,,,13361839,26723678,0,26723678,-13361839,3,3,2025-11-28 00:26:22.000 UTC,2025-11-29 15:18:45.000 UTC,didnt_claim_but_bought,other
14988,milanshrestha,3,0,,,13361839,26723678,0,26723678,-13361839,3,3,2025-11-28 03:41:14.000 UTC,2025-11-30 02:15:33.000 UTC,didnt_claim_but_bought,other
894095,benjmfer.eth,2,0,,,53447356,106894712,0,106894712,-53447356,12,4,2025-11-28 14:32:22.000 UTC,2025-11-28 14:35:06.000 UTC,didnt_claim_but_bought,other
816799,3hundred,13,0,,,94304558.56250517,187600000,0,187600000,-93295441.43749483,28,2,2025-11-26 20:03:20.000 UTC,2025-11-28 16:38:26.000 UTC,didnt_claim_but_bought,other
509624,toyboy.eth,93,0,,,200427579,334045965,0,334045965,-133618386,8,4,2025-11-28 14:31:09.000 UTC,2025-11-28 14:50:23.000 UTC,didnt_claim_but_bought,other
1142406,ruxxx,91,0,,,793251735.811039,964045965,459205770.811039,964045965,-170794229.18896103,38,3,2025-11-28 04:52:44.000 UTC,2025-11-28 16:05:44.000 UTC,didnt_claim_but_bought,other
1024900,luvndu,156,0,,,333735965,692515965,200117579,692515965,-358780000,35,5,2025-11-28 04:27:05.000 UTC,2025-11-29 11:09:42.000 UTC,didnt_claim_but_bought,other
249692,samxbt.eth,8,0,,,2624449364.2051096,3098530633.5025887,0,70805929.98772004,-474081269.29747915,31,7,2025-11-26 19:57:09.000 UTC,2025-11-27 21:44:15.000 UTC,didnt_claim_but_bought,other
267104,femmie,22,0,,,1486107516.0484476,2189075757.0484476,0,0,-702968241,22,4,2025-11-26 20:01:26.000 UTC,2025-11-28 06:44:40.000 UTC,didnt_claim_but_bought,other
272717,demipoet,2,0,,,1939678659.8314383,3020818056.208519,1081139396.377081,3020818056.208519,-1081139396.3770807,15,4,2025-11-27 19:32:54.000 UTC,2025-11-28 21:01:59.000 UTC,didnt_claim_but_bought,other
1387725,grito.eth,1,0,,,8472668324.442962,10715494513.17937,6521316906.53025,9786338028.483791,-2242826188.736409,46,3,2025-11-27 16:57:13.000 UTC,2025-11-29 12:23:09.000 UTC,didnt_claim_but_bought,other
526510,mariabazooka,6,0,,,5086703769.207928,8468461813.739501,315859135.6305605,1332007499.1345203,-3381758044.5315733,84,3,2025-11-27 16:36:54.000 UTC,2025-11-29 15:15:25.000 UTC,didnt_claim_but_bought,other
